journal_key,journal_name,field,n_papers,n_authors,first_use,last_use
name:psyarxiv,PsyArXiv,Psychology,266,800,2017-03-03,2026-07-02
name:behavior research methods,Behavior Research Methods,Psychology,93,380,2014-03-28,2026-07-06
name:cognition,Cognition,Neuroscience,64,191,2017-02-15,2026-05-25
name:osf preprints,OSF Preprints,Computer Science,64,177,2016-06-01,2026-07-02
name:biorxiv cold spring harbor laboratory,bioRxiv (Cold Spring Harbor Laboratory),Neuroscience,59,232,2017-09-15,2026-06-22
name:scientific reports,Scientific Reports,Neuroscience,56,233,2016-09-13,2026-06-12
name:frontiers in psychology,Frontiers in Psychology,Psychology,45,165,2014-08-06,2026-06-04
name:attention perception psychophysics,Attention Perception & Psychophysics,Neuroscience,44,139,2016-02-04,2026-07-13
name:arxiv cornell university,arXiv (Cornell University),Computer Science,43,186,2019-05-17,2026-06-24
name:memory cognition,Memory & Cognition,Neuroscience,39,120,2018-04-30,2026-05-29
name:plos one,PLoS ONE,Neuroscience,38,154,2015-06-26,2026-05-15
name:psychonomic bulletin review,Psychonomic Bulletin & Review,Neuroscience,37,114,2016-07-06,2026-07-13
name:quarterly journal of experimental psychology,Quarterly Journal of Experimental Psychology,Neuroscience,31,97,2020-01-14,2026-05-03
name:cognitive science,Cognitive Science,Psychology,27,82,2015-01-01,2026-06-01
name:journal of cognition,Journal of Cognition,Neuroscience,24,83,2019-01-01,2026-01-09
name:open mind,Open Mind,Computer Science,23,91,2020-01-01,2026-06-30
name:communications psychology,Communications Psychology,Psychology,22,87,2022-10-17,2026-04-29
name:elife,eLife,Neuroscience,21,58,2017-11-21,2026-03-27
name:journal of memory and language,Journal of Memory and Language,Neuroscience,20,47,2018-06-11,2026-06-20
name:psychological research,Psychological Research,Psychology,20,68,2020-11-12,2026-02-07
name:ssrn electronic journal,SSRN Electronic Journal,Computer Science,18,68,2022-01-01,2026-01-01
name:consciousness and cognition,Consciousness and Cognition,Neuroscience,17,53,2019-09-12,2026-03-12
name:escholarship california digital library,eScholarship (California Digital Library),Computer Science,17,49,2013-01-01,2024-01-01
name:journal of experimental psychology general,Journal of Experimental Psychology General,Neuroscience,17,59,2018-11-28,2026-01-26
name:nature communications,Nature Communications,Neuroscience,17,54,2019-03-08,2026-05-15
name:institutional repositories database irdb,Institutional Repositories DataBase (IRDB),Engineering,16,33,2020-03-23,2026-04-01
name:journal of vision,Journal of Vision,Neuroscience,16,52,2021-08-18,2026-04-01
name:proceedings of the national academy of sciences,Proceedings of the National Academy of Sciences,Psychology,16,61,2020-04-02,2026-04-14
name:psychological science,Psychological Science,Neuroscience,15,74,2019-07-25,2026-02-19
name:cognitive research principles and implications,Cognitive Research Principles and Implications,Neuroscience,14,50,2017-02-20,2025-10-30
name:the journal of the acoustical society of america,The Journal of the Acoustical Society of America,Psychology,14,62,2020-10-01,2026-05-01
name:nature human behaviour,Nature Human Behaviour,Neuroscience,13,92,2020-04-11,2026-02-05
name:plos computational biology,PLoS Computational Biology,Neuroscience,13,55,2020-09-28,2026-06-29
name:royal society open science,Royal Society Open Science,Neuroscience,13,45,2020-01-17,2026-01-28
name:journal of experimental psychology learning memory and cognition,Journal of Experimental Psychology Learning Memory and Cognition,Psychology,12,34,2018-02-01,2026-02-12
name:acta psychologica,Acta Psychologica,Psychology,11,42,2017-07-04,2026-06-30
name:cognitive psychology,Cognitive Psychology,Neuroscience,11,33,2019-07-17,2024-07-13
name:neuropsychologia,Neuropsychologia,Neuroscience,11,49,2021-02-18,2026-02-27
name:the proceedings of the annual convention of the japanese psychological association,The Proceedings of the Annual Convention of the Japanese Psychological Association,Computer Science,11,36,2021-01-01,2025-01-01
name:collabra psychology,Collabra Psychology,Psychology,10,74,2019-01-01,2026-01-01
name:iscience,iScience,Neuroscience,10,40,2019-03-09,2026-06-17
name:visual cognition,Visual Cognition,Neuroscience,10,29,2021-09-18,2025-02-07
name:cognition emotion,Cognition & Emotion,Neuroscience,9,32,2019-08-13,2025-01-20
name:cognitive affective behavioral neuroscience,Cognitive Affective & Behavioral Neuroscience,Neuroscience,8,29,2023-05-15,2025-10-13
name:computational brain behavior,Computational Brain & Behavior,Decision Sciences,8,21,2020-03-21,2026-05-26
name:frontiers in human neuroscience,Frontiers in Human Neuroscience,Neuroscience,8,34,2021-06-30,2026-04-01
name:journal of experimental social psychology,Journal of Experimental Social Psychology,Psychology,8,30,2017-08-17,2026-03-23
name:journal of neuroscience,Journal of Neuroscience,Neuroscience,8,26,2017-07-03,2026-06-10
name:language cognition and neuroscience,Language Cognition and Neuroscience,Neuroscience,8,24,2017-02-06,2026-01-11
name:lecture notes in computer science,Lecture notes in computer science,Computer Science,8,36,2018-01-01,2026-01-01
name:memory,Memory,Neuroscience,8,22,2019-05-30,2025-07-30
name:proceedings of the acm on human computer interaction,Proceedings of the ACM on Human-Computer Interaction,Computer Science,8,17,2018-11-01,2026-05-28
name:jasa express letters,JASA Express Letters,Psychology,7,18,2021-08-01,2026-01-01
name:neuroscience of consciousness,Neuroscience of Consciousness,Neuroscience,7,20,2021-01-01,2026-01-01
name:science advances,Science Advances,Neuroscience,7,33,2018-12-16,2025-01-01
name:advances in methods and practices in psychological science,Advances in Methods and Practices in Psychological Science,Social Sciences,6,218,2019-04-17,2026-07-01
name:bilingualism language and cognition,Bilingualism Language and Cognition,Psychology,6,19,2020-11-26,2025-12-02
name:brain sciences,Brain Sciences,Neuroscience,6,28,2020-03-26,2024-08-29
name:current psychology,Current Psychology,Neuroscience,6,20,2022-12-09,2026-05-01
name:ieee transactions on visualization and computer graphics,IEEE Transactions on Visualization and Computer Graphics,Computer Science,6,30,2021-09-29,2026-01-01
name:journal of experimental psychology human perception performance,Journal of Experimental Psychology Human Perception & Performance,Neuroscience,6,31,2021-06-30,2026-03-19
name:journal of speech language and hearing research,Journal of Speech Language and Hearing Research,Neuroscience,6,23,2023-08-09,2026-02-23
name:language and cognition,Language and Cognition,Psychology,6,20,2024-02-12,2026-01-01
name:neuroimage,NeuroImage,Neuroscience,6,35,2020-02-26,2025-01-23
name:research square,Research Square,Neuroscience,6,34,2023-05-05,2025-10-27
name:appetite,Appetite,Psychology,5,19,2022-12-10,2025-12-06
name:applied psycholinguistics,Applied Psycholinguistics,Psychology,5,14,2024-09-01,2026-01-01
name:behavioral sciences,Behavioral Sciences,Neuroscience,5,11,2023-07-14,2026-04-01
name:child development,Child Development,Psychology,5,22,2017-04-24,2026-02-20
name:computers in human behavior,Computers in Human Behavior,Psychology,5,24,2023-12-21,2025-12-03
name:experimental psychology formerly zeitschrift für experimentelle psychologie,Experimental Psychology (formerly Zeitschrift für Experimentelle Psychologie),Neuroscience,5,19,2018-07-01,2024-12-11
name:experimental psychology russia,Experimental Psychology (Russia),Psychology,5,6,2023-12-26,2026-06-30
name:frontiers in behavioral neuroscience,Frontiers in Behavioral Neuroscience,Neuroscience,5,24,2022-07-22,2024-01-24
name:glossa psycholinguistics,Glossa Psycholinguistics,Psychology,5,17,2022-04-12,2026-04-16
name:human factors the journal of the human factors and ergonomics society,Human Factors The Journal of the Human Factors and Ergonomics Society,Psychology,5,10,2018-07-23,2025-02-12
name:international journal of human computer studies,International Journal of Human-Computer Studies,Computer Science,5,16,2021-04-29,2025-11-08
name:journal of environmental psychology,Journal of Environmental Psychology,Environmental Science,5,15,2021-09-20,2026-02-21
name:journal of psychiatric research,Journal of Psychiatric Research,Psychology,5,22,2021-03-11,2025-02-13
name:journal of second language pronunciation,Journal of Second Language Pronunciation,Psychology,5,26,2019-01-28,2026-06-12
name:la referencia red federada de repositorios institucionales de publicaciones científicas,LA Referencia (Red Federada de Repositorios Institucionales de Publicaciones Científicas),Psychology,5,5,2019-01-01,2025-01-01
name:language learning,Language Learning,Psychology,5,14,2017-02-16,2025-03-07
name:nature,Nature,Neuroscience,5,82,2022-05-19,2025-11-12
name:peerj,PeerJ,Neuroscience,5,18,2015-07-23,2026-01-07
name:scientific data,Scientific Data,Neuroscience,5,154,2023-02-03,2026-02-18
name:the journal of open source software,The Journal of Open Source Software,Decision Sciences,5,17,2018-02-04,2025-03-20
name:tspace university of toronto,TSpace (University of Toronto),Neuroscience,5,5,2019-11-01,2022-11-01
name:zenodo cern european organization for nuclear research,Zenodo (CERN European Organization for Nuclear Research),Neuroscience,5,17,2023-01-19,2026-05-30
name:behaviour research and therapy,Behaviour Research and Therapy,Psychology,4,38,2017-10-11,2025-12-06
name:bmc psychiatry,BMC Psychiatry,Psychology,4,112,2024-12-04,2025-12-25
name:cognitive development,Cognitive Development,Psychology,4,12,2022-09-26,2025-04-16
name:current biology,Current Biology,Psychology,4,22,2023-04-26,2026-05-20
name:discourse processes,Discourse Processes,Psychology,4,4,2018-12-03,2022-10-06
name:eneuro,eNeuro,Neuroscience,4,20,2017-05-01,2025-10-01
name:f1000research,F1000Research,Neuroscience,4,6,2022-04-08,2025-03-24
name:hal le centre pour la communication scientifique directe,HAL (Le Centre pour la Communication Scientifique Directe),Psychology,4,6,2019-01-01,2025-06-05
name:journal of eating disorders,Journal of Eating Disorders,Psychology,4,8,2024-01-24,2026-05-11
name:laboratory phonology journal of the association for laboratory phonology,Laboratory Phonology Journal of the Association for Laboratory Phonology,Computer Science,4,14,2023-07-23,2025-10-21
name:language and speech,Language and Speech,Psychology,4,13,2022-04-14,2026-04-09
name:music perception an interdisciplinary journal,Music Perception An Interdisciplinary Journal,Computer Science,4,14,2020-06-10,2025-06-05
name:proceedings of the human factors and ergonomics society annual meeting,Proceedings of the Human Factors and Ergonomics Society Annual Meeting,Psychology,4,16,2018-09-01,2024-08-13
name:research methods in applied linguistics,Research Methods in Applied Linguistics,Psychology,4,11,2025-06-20,2026-07-01
name:the japanese journal of psychology,The Japanese journal of psychology,Computer Science,4,11,2021-01-01,2025-09-29
name:the journal of the institute of image information and television engineers,The Journal of The Institute of Image Information and Television Engineers,Computer Science,4,6,2021-01-01,2021-01-01
name:the quantitative methods for psychology,The Quantitative Methods for Psychology,Computer Science,4,32,2021-09-01,2025-02-01
name:translational psychiatry,Translational Psychiatry,Neuroscience,4,20,2023-02-24,2026-04-02
name:vision,Vision,Neuroscience,4,16,2022-02-24,2022-08-19
name:vision research,Vision Research,Neuroscience,4,15,2022-06-21,2025-05-12
name:wellcome open research,Wellcome Open Research,Neuroscience,4,2,2021-02-05,2022-04-11
name:advances in cognitive psychology,Advances in Cognitive Psychology,"Business, Management and Accounting",3,10,2023-01-01,2024-01-01
name:affective science,Affective Science,Neuroscience,3,11,2023-12-06,2026-06-03
name:american journal of speech language pathology,American Journal of Speech-Language Pathology,Medicine,3,9,2022-01-04,2025-12-23
name:apollo university of cambridge,Apollo (University of Cambridge),Computer Science,3,22,2019-09-01,2026-07-06
name:communications in computer and information science,Communications in computer and information science,Computer Science,3,6,2023-01-01,2026-01-01
name:cortex,Cortex,Neuroscience,3,13,2021-03-29,2025-09-17
name:dokumentenrepositorium der rub ruhr university bochum,Dokumentenrepositorium der RUB (Ruhr University Bochum),Psychology,3,7,2024-11-05,2025-10-09
name:elsevier ebooks,Elsevier eBooks,Computer Science,3,9,2020-01-01,2026-01-01
name:european eating disorders review,European Eating Disorders Review,Psychology,3,12,2022-11-04,2025-03-17
name:experimental brain research,Experimental Brain Research,Psychology,3,10,2022-01-27,2026-02-21
name:frontiers in psychiatry,Frontiers in Psychiatry,Decision Sciences,3,16,2021-10-27,2024-11-11
name:glossa a journal of general linguistics,Glossa a journal of general linguistics,Arts and Humanities,3,10,2022-09-27,2025-01-23
name:heliyon,Heliyon,Neuroscience,3,15,2022-02-10,2025-11-30
name:journal of anomalous experience and cognition,Journal of Anomalous Experience and Cognition,Physics and Astronomy,3,6,2021-10-28,2024-06-05
name:journal of child language,Journal of Child Language,Psychology,3,6,2023-06-15,2026-03-05
name:journal of cognitive neuroscience,Journal of Cognitive Neuroscience,Neuroscience,3,13,2019-11-04,2022-12-06
name:journal of experimental child psychology,Journal of Experimental Child Psychology,Mathematics,3,6,2020-11-08,2025-12-08
name:journal of experimental psychology animal learning and cognition,Journal of Experimental Psychology Animal Learning and Cognition,Neuroscience,3,4,2022-04-01,2023-04-01
name:journal of phonetics,Journal of Phonetics,Psychology,3,6,2023-10-18,2025-11-01
name:journal of psycholinguistic research,Journal of Psycholinguistic Research,Neuroscience,3,12,2021-07-27,2024-08-20
name:judgment and decision making,Judgment and Decision Making,Computer Science,3,7,2020-12-22,2024-01-01
name:mpg pure max planck society,MPG.PuRe (Max Planck Society),Chemistry,3,15,2024-09-14,2026-03-18
name:open research europe,Open Research Europe,Neuroscience,3,5,2025-10-28,2026-02-26
name:open scholarship institutional repository washington university in st louis,Open Scholarship Institutional Repository (Washington University in St. Louis),Computer Science,3,3,2017-01-01,2019-06-21
name:open science framework,Open Science Framework,Computer Science,3,6,2021-01-01,2022-01-01
name:perception,Perception,Neuroscience,3,14,2022-03-28,2025-04-21
name:personality and social psychology bulletin,Personality and Social Psychology Bulletin,Social Sciences,3,10,2022-06-29,2026-01-08
name:philosophical transactions of the royal society b biological sciences,Philosophical Transactions of the Royal Society B Biological Sciences,Neuroscience,3,9,2018-02-12,2023-12-17
name:proceedings of the linguistic society of america,Proceedings of the Linguistic Society of America,Arts and Humanities,3,4,2018-03-03,2025-05-21
name:psychological medicine,Psychological Medicine,Psychology,3,18,2022-03-17,2026-01-01
name:psychology of music,Psychology of Music,Neuroscience,3,10,2021-02-18,2025-01-29
name:pub publications at bielefeld university bielefeld university,PUB – Publications at Bielefeld University (Bielefeld University),Computer Science,3,10,2016-01-01,2020-04-20
name:science,Science,Arts and Humanities,3,32,2018-11-21,2026-03-19
name:the japanese journal of cognitive psychology,The Japanese Journal of Cognitive Psychology,Psychology,3,7,2021-08-31,2025-02-28
name:zeitschrift für psychologie,Zeitschrift für Psychologie,Mathematics,3,6,2021-09-01,2021-12-01
name:acm transactions on computer human interaction,ACM Transactions on Computer-Human Interaction,Computer Science,2,15,2022-03-31,2026-05-28
name:addictive behaviors reports,Addictive Behaviors Reports,Psychology,2,12,2025-02-10,2025-11-26
name:applied cognitive psychology,Applied Cognitive Psychology,Computer Science,2,10,2021-07-17,2026-05-01
name:applied sciences,Applied Sciences,Computer Science,2,8,2021-08-25,2022-07-17
name:auditory perception cognition,Auditory Perception & Cognition,Neuroscience,2,6,2022-05-31,2022-06-29
name:behavioral and brain sciences,Behavioral and Brain Sciences,Environmental Science,2,9,2021-03-17,2022-12-21
name:bmc psychology,BMC Psychology,Psychology,2,9,2024-08-30,2026-02-14
name:brain research,Brain Research,Neuroscience,2,9,2024-10-31,2025-08-29
name:british journal of psychology,British Journal of Psychology,Neuroscience,2,8,2018-08-24,2025-11-21
name:cartographic perspectives,Cartographic Perspectives,"Economics, Econometrics and Finance",2,5,2018-09-09,2018-10-01
name:clinical and experimental dermatology,Clinical and Experimental Dermatology,Medicine,2,2,2022-03-27,2024-02-23
name:cognitive processing,Cognitive Processing,Neuroscience,2,6,2023-12-07,2024-09-24
name:communications biology,Communications Biology,Neuroscience,2,10,2022-12-15,2023-10-28
name:computational psychiatry,Computational Psychiatry,Decision Sciences,2,9,2023-05-07,2025-12-18
name:computer speech language,Computer Speech & Language,Computer Science,2,13,2023-10-31,2024-07-05
name:computers in human behavior artificial humans,Computers in Human Behavior Artificial Humans,Computer Science,2,6,2023-08-01,2024-12-16
name:data in brief,Data in Brief,Computer Science,2,13,2021-12-01,2025-06-27
name:developmental science,Developmental Science,Psychology,2,8,2020-11-18,2022-06-30
name:digital access to scholarship at harvard dash harvard university,Digital Access to Scholarship at Harvard (DASH) (Harvard University),Neuroscience,2,2,2023-01-01,2025-01-01
name:digital library repository of tomsk state university,Digital library (repository) of Tomsk State University,Psychology,2,2,2023-01-01,2025-01-01
name:durham e theses durham university,Durham e-Theses (Durham University),Psychology,2,2,2019-01-01,2026-06-04
name:educational psychology review,Educational Psychology Review,Neuroscience,2,6,2016-09-15,2021-06-27
name:era,ERA,Computer Science,2,2,2021-07-31,2026-06-05
name:european journal of neuroscience,European Journal of Neuroscience,Medicine,2,9,2022-08-09,2024-11-17
name:european journal of social psychology,European Journal of Social Psychology,Psychology,2,4,2015-12-08,2023-12-11
name:experimental aging research,Experimental Aging Research,Neuroscience,2,8,2022-11-03,2023-04-03
name:faculty of 1000 research ltd,Faculty of 1000 Research Ltd,Psychology,2,2,2022-01-01,2022-01-01
name:fire,Fire,Engineering,2,3,2024-11-22,2025-09-27
name:frontiers in cognition,Frontiers in Cognition,Psychology,2,8,2025-11-04,2026-06-24
name:frontiers in communication,Frontiers in Communication,Computer Science,2,8,2022-09-26,2023-08-03
name:frontiers in language sciences,Frontiers in Language Sciences,Neuroscience,2,3,2024-02-09,2024-08-19
name:frontiers in robotics and ai,Frontiers in Robotics and AI,Psychology,2,8,2019-06-26,2022-03-23
name:frontiers in sports and active living,Frontiers in Sports and Active Living,Neuroscience,2,13,2021-07-05,2023-06-22
name:hormones and behavior,Hormones and Behavior,"Biochemistry, Genetics and Molecular Biology",2,9,2025-04-26,2025-05-28
name:humanities and social sciences communications,Humanities and Social Sciences Communications,Social Sciences,2,12,2021-03-04,2023-02-04
name:impact,Impact,Health Professions,2,1,2026-01-23,2026-01-23
name:institutional repository of institute of psychology chinese academy of sciences institute of psychology chinese academy of sciences,"Institutional Repository of Institute of Psychology, Chinese Academy of Sciences (Institute of Psychology, Chinese Academy of Sciences)",Psychology,2,4,2017-07-01,2023-06-01
name:international journal of audiology,International Journal of Audiology,Neuroscience,2,4,2024-09-14,2025-03-15
name:international journal of eating disorders,International Journal of Eating Disorders,"Biochemistry, Genetics and Molecular Biology",2,7,2026-03-09,2026-07-09
name:international journal of english linguistics,International Journal of English Linguistics,Computer Science,2,2,2025-05-13,2026-04-20
name:international journal of social robotics,International Journal of Social Robotics,Neuroscience,2,10,2024-08-01,2026-04-01
name:international journal of speech technology,International Journal of Speech Technology,Neuroscience,2,8,2022-07-21,2023-03-13
name:international journal of sport and exercise psychology,International Journal of Sport and Exercise Psychology,Medicine,2,10,2024-02-14,2025-03-13
name:japanese psychological research,Japanese Psychological Research,Psychology,2,9,2024-06-19,2024-09-02
name:journal of applied business behavioral sciences,Journal of Applied Business & Behavioral Sciences,Social Sciences,2,3,2025-12-18,2026-01-06
name:journal of behavioral decision making,Journal of Behavioral Decision Making,Decision Sciences,2,7,2023-04-11,2024-03-21
name:journal of communication disorders,Journal of Communication Disorders,Neuroscience,2,8,2025-01-01,2025-01-22
name:journal of iot and machine learning,Journal of IoT and Machine Learning.,Computer Science,2,1,2023-01-01,2024-02-10
name:journal of mood and anxiety disorders,Journal of Mood and Anxiety Disorders,Neuroscience,2,6,2024-02-16,2026-01-22
name:journal of open psychology data,Journal of Open Psychology Data,Computer Science,2,12,2023-05-01,2025-08-13
name:journal of scientific exploration,Journal of Scientific Exploration,Medicine,2,3,2022-08-20,2022-08-20
name:journal of the experimental analysis of behavior,Journal of the Experimental Analysis of Behavior,Medicine,2,4,2018-06-06,2025-05-06
name:language cognition and mind,"Language, cognition and mind",Decision Sciences,2,5,2018-01-01,2019-06-12
name:languages,Languages,Arts and Humanities,2,9,2018-08-06,2022-07-29
name:learning memory,Learning & Memory,Neuroscience,2,9,2023-09-01,2023-09-01
name:lingua,Lingua,Arts and Humanities,2,5,2020-07-21,2026-04-23
name:linguistics vanguard,Linguistics Vanguard,Arts and Humanities,2,7,2021-11-13,2026-06-22
name:macsphere mcmaster university,MacSphere (McMaster University),Neuroscience,2,2,2024-01-01,2024-01-01
name:medrxiv,medRxiv,Neuroscience,2,20,2023-03-29,2025-10-13
name:mindfulness,Mindfulness,Psychology,2,6,2021-08-17,2025-01-08
name:molecular autism,Molecular Autism,Neuroscience,2,10,2024-01-08,2026-02-27
name:mspace university of manitoba,Mspace (University of Manitoba),Neuroscience,2,1,2020-12-18,2025-09-16
name:multisensory research,Multisensory Research,Psychology,2,10,2022-01-18,2023-02-23
name:music science,Music & Science,Neuroscience,2,6,2023-01-01,2025-09-01
name:musicae scientiae,Musicae Scientiae,Neuroscience,2,8,2018-11-14,2023-02-03
name:nature mental health,Nature Mental Health,Neuroscience,2,19,2024-04-29,2025-03-12
name:nature neuroscience,Nature Neuroscience,Computer Science,2,12,2024-01-01,2026-06-26
name:nippon onkyo gakkaishi acoustical science and technology nihon onkyo gakkaishi,Nippon Onkyo Gakkaishi/Acoustical science and technology/Nihon Onkyo Gakkaishi,Psychology,2,3,2023-02-28,2024-03-15
name:npj digital medicine,npj Digital Medicine,Medicine,2,9,2023-06-13,2025-12-26
name:npj science of learning,npj Science of Learning,Computer Science,2,9,2023-01-06,2026-04-04
name:plos biology,PLoS Biology,Neuroscience,2,7,2025-06-26,2026-01-09
name:pnas nexus,PNAS Nexus,Mathematics,2,7,2024-08-23,2025-08-29
name:proceedings of the aaai conference on artificial intelligence,Proceedings of the AAAI Conference on Artificial Intelligence,Computer Science,2,10,2020-06-18,2026-03-14
name:proceedings of the national academy of sciences of the united states of america,Proceedings of the National Academy of Sciences of the United States of America,,2,11,2022-07-26,2025-03-11
name:psychology international,Psychology International,Arts and Humanities,2,7,2023-07-20,2025-07-09
name:pubmed,PubMed,Computer Science,2,6,2020-06-05,2021-07-01
name:reading and writing,Reading and Writing,Psychology,2,8,2024-08-30,2025-11-25
name:scientific studies of reading,Scientific Studies of Reading,Arts and Humanities,2,6,2023-02-20,2025-12-05
name:sensors,Sensors,Computer Science,2,9,2023-03-29,2024-02-29
name:social cognition,Social Cognition,Neuroscience,2,5,2024-10-01,2025-08-01
name:social psychological and personality science,Social Psychological and Personality Science,Neuroscience,2,5,2023-09-25,2023-12-28
name:studies in second language acquisition,Studies in Second Language Acquisition,Computer Science,2,5,2023-03-27,2026-06-09
name:technology mind and behavior,Technology Mind and Behavior,Psychology,2,5,2022-01-01,2022-01-01
name:the american journal of psychology,The American Journal of Psychology,Neuroscience,2,5,2025-01-01,2026-01-01
name:the mental lexicon,The Mental Lexicon,Neuroscience,2,6,2024-12-16,2024-12-31
name:topics in cognitive science,Topics in Cognitive Science,Computer Science,2,9,2018-09-02,2025-12-30
name:transportation research part f traffic psychology and behaviour,Transportation Research Part F Traffic Psychology and Behaviour,Engineering,2,9,2023-01-30,2025-10-04
name:uva dare university of amsterdam,UvA-DARE (University of Amsterdam),Psychology,2,6,2021-01-01,2025-01-01
name:zas papers in linguistics,ZAS Papers in Linguistics,Psychology,2,4,2023-03-24,2023-03-24
name:zurich open repository and archive university of zurich,Zurich Open Repository and Archive (University of Zurich),Mathematics,2,3,2019-01-01,2020-01-01
name:2022 ieee 25th international conference on computer supported cooperative work in design cscwd,2022 IEEE 25th International Conference on Computer Supported Cooperative Work in Design (CSCWD),Computer Science,1,5,2022-05-04,2022-05-04
name:2022 ieee international conference on systems man and cybernetics smc,"2022 IEEE International Conference on Systems, Man, and Cybernetics (SMC)",Physics and Astronomy,1,3,2022-10-09,2022-10-09
name:abralin,ABRALIN,Computer Science,1,2,2024-05-23,2024-05-23
name:accademia university press ebooks,Accademia University Press eBooks,Neuroscience,1,6,2020-01-01,2020-01-01
name:acm transactions on applied perception,ACM Transactions on Applied Perception,Computer Science,1,2,2025-08-07,2025-08-07
name:acm transactions on graphics,ACM Transactions on Graphics,Engineering,1,4,2023-07-26,2023-07-26
name:acm transactions on social computing,ACM Transactions on Social Computing,Social Sciences,1,2,2024-08-14,2024-08-14
name:acm transactions on software engineering and methodology,ACM Transactions on Software Engineering and Methodology,Computer Science,1,6,2023-03-14,2023-03-14
name:acta acustica,Acta Acustica,Neuroscience,1,6,2025-01-01,2025-01-01
name:acta psychologica sinica,Acta Psychologica Sinica,Social Sciences,1,3,2023-01-01,2023-01-01
name:advanced science,Advanced Science,Neuroscience,1,7,2024-09-09,2024-09-09
name:advances in neural information processing systems,Advances in neural information processing systems,,1,4,2020-12-01,2020-12-01
name:advances in science technology innovation advances in science technology innovation,"Advances in Science, Technology & Innovation/Advances in science, technology & innovation",Psychology,1,6,2026-01-01,2026-01-01
name:advances in social science education and humanities research advances in social science education and humanities research,"Advances in Social Science, Education and Humanities Research/Advances in social science, education and humanities research",Social Sciences,1,3,2021-01-01,2021-01-01
name:afinla teema,AFinLA-teema,Computer Science,1,3,2024-05-28,2024-05-28
name:aging clinical and experimental research,Aging Clinical and Experimental Research,Medicine,1,6,2024-11-11,2024-11-11
name:alcohol clinical and experimental research,Alcohol Clinical and Experimental Research,Medicine,1,6,2024-10-22,2024-10-22
name:ampersand,Ampersand,Psychology,1,3,2025-02-05,2025-02-05
name:annual review of clinical psychology,Annual Review of Clinical Psychology,Computer Science,1,2,2016-01-16,2016-01-16
name:annual review of organizational psychology and organizational behavior,Annual Review of Organizational Psychology and Organizational Behavior,"Business, Management and Accounting",1,1,2017-01-09,2017-01-09
name:applied acoustics,Applied Acoustics,Health Professions,1,5,2023-10-06,2023-10-06
name:applied ergonomics,Applied Ergonomics,Psychology,1,4,2021-05-07,2021-05-07
name:archives of clinical neuropsychology,Archives of Clinical Neuropsychology,Medicine,1,4,2021-09-08,2021-09-08
name:archives of sexual behavior,Archives of Sexual Behavior,Health Professions,1,6,2019-08-14,2019-08-14
name:arxiv org,ArXiv.org,Computer Science,1,9,2025-01-31,2025-01-31
name:audiology research,Audiology Research,Computer Science,1,2,2025-02-08,2025-02-08
name:augmentative and alternative communication,Augmentative and Alternative Communication,Health Professions,1,4,2024-07-11,2024-07-11
name:autism,Autism,Neuroscience,1,4,2025-06-25,2025-12-30
name:behaviormetrika,Behaviormetrika,Psychology,1,2,2023-01-20,2023-01-20
name:behavioural brain research,Behavioural Brain Research,Psychology,1,1,2024-11-06,2025-09-22
name:behavioural public policy,Behavioural Public Policy,Psychology,1,3,2026-02-16,2026-02-16
name:big data and cognitive computing,Big Data and Cognitive Computing,Computer Science,1,3,2021-12-13,2021-12-13
name:biological psychiatry cognitive neuroscience and neuroimaging,Biological Psychiatry Cognitive Neuroscience and Neuroimaging,Neuroscience,1,6,2022-05-18,2022-05-18
name:biological psychology,Biological Psychology,Psychology,1,6,2023-10-16,2023-10-16
name:biomedical optics express,Biomedical Optics Express,Medicine,1,7,2019-12-12,2019-12-12
name:biomedicines,Biomedicines,Neuroscience,1,7,2025-06-21,2025-06-21
name:biorxiv medrxiv,bioRxiv/medRxiv,,1,5,2024-04-28,2024-04-28
name:bmc bioinformatics,BMC Bioinformatics,Physics and Astronomy,1,2,2016-03-31,2016-03-31
name:bmc medicine,BMC Medicine,Psychology,1,5,2024-12-18,2024-12-18
name:bmc research notes,BMC Research Notes,Psychology,1,2,2023-05-11,2023-05-26
name:bmj mental health,BMJ Mental Health,Psychology,1,7,2024-01-01,2024-01-01
name:bmj open sport exercise medicine,BMJ Open Sport & Exercise Medicine,Health Professions,1,10,2021-03-01,2021-03-01
name:borderline personality disorder and emotion dysregulation,Borderline Personality Disorder and Emotion Dysregulation,Psychology,1,3,2024-07-18,2024-07-18
name:brazilian journal of psychiatry,Brazilian Journal of Psychiatry,Psychology,1,11,2021-07-21,2021-07-21
name:british journal of developmental psychology,British Journal of Developmental Psychology,Psychology,1,2,2020-07-31,2021-02-07
name:british journal of educational psychology,British Journal of Educational Psychology,Engineering,1,11,2026-02-18,2026-02-18
name:british journal of social psychology,British Journal of Social Psychology,Neuroscience,1,4,2024-07-09,2024-07-09
name:canadian journal of experimental psychology revue canadienne de psychologie expérimentale,Canadian Journal of Experimental Psychology/Revue canadienne de psychologie expérimentale,Computer Science,1,1,2021-05-06,2021-05-06
name:caspian journal of neurological sciences,Caspian Journal of Neurological Sciences,Psychology,1,3,2021-04-01,2021-04-01
name:cell reports methods,Cell Reports Methods,Neuroscience,1,20,2020-10-09,2021-06-01
name:cerebral cortex,Cerebral Cortex,Neuroscience,1,4,2022-09-10,2023-03-08
name:chi conference on human factors in computing systems,CHI Conference on Human Factors in Computing Systems,Computer Science,1,4,2022-04-28,2022-04-28
name:chimera revista de corpus de lenguas romances y estudios lingüísticos,CHIMERA Revista de Corpus de Lenguas Romances y Estudios Lingüísticos,Psychology,1,4,2022-07-31,2022-07-31
name:cineca iris institutial research information system university of genoa,CINECA IRIS Institutial Research Information System (University of Genoa),Engineering,1,10,2020-01-01,2020-01-01
name:circle university of british columbia,cIRcle (University of British Columbia),Social Sciences,1,1,2026-01-01,2026-01-01
name:clinical child and family psychology review,Clinical Child and Family Psychology Review,Psychology,1,4,2021-06-04,2021-06-04
name:clinical linguistics phonetics,Clinical Linguistics & Phonetics,Medicine,1,4,2021-11-22,2021-11-22
name:clinical psychological science,Clinical Psychological Science,Psychology,1,4,2025-01-06,2026-01-13
name:clinical psychology in europe,Clinical Psychology in Europe,Neuroscience,1,7,2020-12-23,2020-12-23
name:cnr explora,CNR ExploRA,,1,6,2020-01-01,2020-01-01
name:cogent education,Cogent Education,Social Sciences,1,3,2022-05-24,2022-05-24
name:cogsci annual conference of the cognitive science society cognitive science society u s conference,CogSci ... Annual Conference of the Cognitive Science Society. Cognitive Science Society (U.S.). Conference,,1,2,2021-07-01,2021-07-01
name:collabra,Collabra,Psychology,1,4,2016-01-01,2016-01-01
name:comprehensive psychiatry,Comprehensive Psychiatry,Medicine,1,6,2026-02-24,2026-02-24
name:comprehensive results in social psychology,Comprehensive Results in Social Psychology,Psychology,1,2,2016-09-01,2017-01-19
name:computers and education artificial intelligence,Computers and Education Artificial Intelligence,Social Sciences,1,5,2023-01-01,2025-03-08
name:contemporary clinical trials,Contemporary Clinical Trials,Psychology,1,9,2018-10-26,2018-10-26
name:creative education,Creative Education,Psychology,1,3,2022-01-01,2022-01-01
name:cuadernos de la alfal,CUADERNOS DE LA ALFAL,Psychology,1,1,2024-01-01,2024-01-01
name:current biology cb,Current biology : CB,,1,3,2018-12-01,2018-12-01
name:decision,Decision,Decision Sciences,1,4,2022-04-04,2022-04-04
name:designing interactive systems conference,Designing Interactive Systems Conference,Computer Science,1,9,2022-06-12,2022-06-12
name:developmental psychology,Developmental Psychology,Mathematics,1,2,2019-08-12,2019-08-12
name:dialnet universidad de la rioja,Dialnet (Universidad de la Rioja),Psychology,1,2,2026-01-01,2026-01-01
name:discover psychology,Discover Psychology,Psychology,1,3,2024-01-04,2024-01-04
name:doaj doaj directory of open access journals,DOAJ (DOAJ: Directory of Open Access Journals),"Business, Management and Accounting",1,5,2021-11-01,2021-11-01
name:dspace mit massachusetts institute of technology,DSpace@MIT (Massachusetts Institute of Technology),Computer Science,1,6,2021-03-29,2021-03-29
name:duo research archive university of oslo,Duo Research Archive (University of Oslo),Psychology,1,1,2019-01-01,2019-01-01
name:ear and hearing,Ear and Hearing,Neuroscience,1,2,2023-10-26,2023-10-26
name:educational and psychological measurement,Educational and Psychological Measurement,Decision Sciences,1,1,2023-04-04,2023-04-04
name:el servicio de difusión de la creación intelectual national university of la plata,El Servicio de Difusión de la Creación Intelectual (National University of La Plata),,1,5,2025-01-01,2025-01-01
name:empirical musicology review,Empirical Musicology Review,Computer Science,1,1,2020-10-22,2020-10-22
name:engineering headway,Engineering headway,Computer Science,1,4,2025-10-13,2025-10-13
name:english language and linguistics,English Language and Linguistics,Psychology,1,3,2025-09-22,2025-09-22
name:enlighten theses the university of glasgow,Enlighten: Theses (The University of Glasgow),Psychology,1,1,2025-01-01,2025-01-01
name:entropy,Entropy,Neuroscience,1,3,2024-07-28,2024-07-28
name:environmental and occupational health practice,Environmental and Occupational Health Practice,Psychology,1,7,2025-01-01,2025-01-01
name:eprints soton university of southampton,ePrints Soton (University of Southampton),Computer Science,1,1,2026-01-01,2026-01-01
name:erciyes university avesis,Erciyes University - AVESIS,Arts and Humanities,1,1,2025-01-01,2025-01-01
name:ergonomics,Ergonomics,Psychology,1,3,2021-05-06,2021-05-06
name:escholarship mcgill mcgill,eScholarship@McGill (McGill),Psychology,1,1,2025-01-01,2025-01-01
name:estudios de lingüística aplicada,Estudios de Lingüística Aplicada,Psychology,1,3,2020-02-20,2020-02-20
name:european journal of personality,European Journal of Personality,Psychology,1,3,2021-04-19,2021-06-09
name:european journal of psychological assessment,European Journal of Psychological Assessment,Neuroscience,1,2,2018-06-15,2018-06-15
name:european radiology,European Radiology,Medicine,1,9,2023-03-16,2023-03-16
name:figshare,Figshare,Computer Science,1,1,2021-01-01,2021-01-01
name:food quality and preference,Food Quality and Preference,Psychology,1,1,2023-08-01,2023-08-01
name:frontiers in aging neuroscience,Frontiers in Aging Neuroscience,Psychology,1,7,2023-08-07,2023-08-07
name:frontiers in artificial intelligence,Frontiers in Artificial Intelligence,Computer Science,1,6,2021-09-20,2021-12-07
name:frontiers in audiology and otology,Frontiers in Audiology and Otology,Neuroscience,1,5,2026-03-30,2026-03-30
name:frontiers in developmental psychology,Frontiers in Developmental Psychology,Social Sciences,1,4,2026-05-15,2026-05-15
name:frontiers in education,Frontiers in Education,Medicine,1,7,2025-11-19,2025-11-19
name:frontiers in human dynamics,Frontiers in Human Dynamics,Social Sciences,1,4,2021-04-26,2021-04-26
name:frontiers in neuroscience,Frontiers in Neuroscience,Neuroscience,1,7,2023-03-22,2023-03-22
name:frontiers in signal processing,Frontiers in Signal Processing,Physics and Astronomy,1,3,2023-05-09,2023-05-09
name:frontiers research topics,Frontiers research topics,Social Sciences,1,0,2024-01-01,2024-01-01
name:future internet,Future Internet,Psychology,1,10,2021-09-24,2021-09-24
name:geriatrics,Geriatrics,Medicine,1,5,2024-03-22,2024-03-22
name:gerontechnology,Gerontechnology,Computer Science,1,6,2022-10-23,2022-10-23
name:ghent university academic bibliography ghent university,Ghent University Academic Bibliography (Ghent University),Psychology,1,1,2025-01-01,2025-01-01
name:health psychology,Health Psychology,Psychology,1,0,2025-09-11,2025-09-11
name:hearing research,Hearing Research,Psychology,1,3,2025-03-07,2025-03-07
name:herve infos,Herve infos,Psychology,1,4,2024-03-30,2024-03-30
name:holmes museum of anthropology wichita state university,Holmes Museum Of Anthropology (Wichita State University),Decision Sciences,1,1,2017-05-01,2017-05-01
name:human brain mapping,Human Brain Mapping,Psychology,1,4,2025-01-01,2025-01-01
name:i com,i-com,Psychology,1,2,2025-10-16,2025-10-16
name:i perception,i-Perception,Neuroscience,1,3,2023-11-01,2023-11-01
name:ieee access,IEEE Access,Computer Science,1,1,2020-01-01,2020-01-01
name:ieee transactions on affective computing,IEEE Transactions on Affective Computing,Psychology,1,4,2021-06-16,2021-06-16
name:ieee transactions on cognitive and developmental systems,IEEE Transactions on Cognitive and Developmental Systems,Computer Science,1,11,2023-01-30,2023-01-30
name:iet intelligent transport systems,IET Intelligent Transport Systems,Psychology,1,5,2022-10-10,2022-10-10
name:ilha do desterro a journal of english language literatures in english and cultural studies,Ilha do Desterro A Journal of English Language Literatures in English and Cultural Studies,Neuroscience,1,2,2023-11-30,2023-11-30
name:impact assessment and project appraisal,Impact Assessment and Project Appraisal,"Business, Management and Accounting",1,5,2022-07-14,2022-07-14
name:infancy,Infancy,Computer Science,1,35,2023-01-23,2023-10-18
name:international gambling studies,International Gambling Studies,Psychology,1,4,2022-11-10,2022-11-10
name:international journal of advanced computer science and applications,International Journal of Advanced Computer Science and Applications,Medicine,1,8,2019-01-01,2019-01-01
name:international journal of behavioral nutrition and physical activity,International Journal of Behavioral Nutrition and Physical Activity,Psychology,1,10,2021-03-31,2021-03-31
name:international journal of clinical and health psychology,International Journal of Clinical and Health Psychology,Neuroscience,1,6,2026-01-01,2026-01-01
name:international journal of cognitive informatics and natural intelligence,International Journal of Cognitive Informatics and Natural Intelligence,Decision Sciences,1,4,2019-09-05,2019-09-05
name:international journal of comparative psychology,International Journal of Comparative Psychology,Computer Science,1,6,2017-01-01,2017-01-01
name:international journal of computer assisted radiology and surgery,International Journal of Computer Assisted Radiology and Surgery,Computer Science,1,4,2019-08-07,2019-08-07
name:international journal of digital humanities,International Journal of Digital Humanities,Computer Science,1,2,2024-07-03,2024-07-03
name:international journal of environmental research and public health,International Journal of Environmental Research and Public Health,Psychology,1,7,2022-08-13,2022-08-13
name:international journal of hospitality management,International Journal of Hospitality Management,Psychology,1,3,2021-10-26,2021-10-26
name:international journal of methods in psychiatric research,International Journal of Methods in Psychiatric Research,Psychology,1,4,2022-09-17,2022-09-17
name:international journal of multilingualism,International Journal of Multilingualism,Psychology,1,2,2024-09-11,2024-09-11
name:international journal of psychology,International Journal of Psychology,Social Sciences,1,8,2025-09-18,2025-09-18
name:international journal of serious games,International Journal of Serious Games,Neuroscience,1,4,2025-10-30,2025-10-30
name:international journal of sociology and social policy,International Journal of Sociology and Social Policy,"Business, Management and Accounting",1,3,2026-02-16,2026-02-16
name:international research journal of multidisciplinary scope,International Research Journal of Multidisciplinary Scope,Computer Science,1,5,2024-01-01,2024-01-01
name:interspeech,Interspeech,,1,10,2021-08-01,2021-08-01
name:isprs international journal of geo information,ISPRS International Journal of Geo-Information,Engineering,1,3,2017-12-20,2017-12-20
name:itm web of conferences,ITM Web of Conferences,Psychology,1,5,2018-01-01,2018-01-01
name:iuscholarworks indiana university,IUScholarWorks (Indiana University),Psychology,1,1,2015-09-04,2015-09-04
name:jmir mhealth and uhealth,JMIR mhealth and uhealth,Psychology,1,4,2025-11-26,2025-11-26
name:jmir serious games,JMIR Serious Games,Psychology,1,3,2021-02-12,2021-02-12
name:journal of affective disorders,Journal of Affective Disorders,Neuroscience,1,5,2024-01-24,2024-01-24
name:journal of applied developmental psychology,Journal of Applied Developmental Psychology,Mathematics,1,3,2023-04-05,2023-04-05
name:journal of applied research in memory and cognition,Journal of Applied Research in Memory and Cognition,Psychology,1,2,2021-11-15,2021-11-15
name:journal of attention disorders,Journal of Attention Disorders,Medicine,1,4,2023-12-12,2023-12-12
name:journal of autism and developmental disorders,Journal of Autism and Developmental Disorders,Psychology,1,5,2023-02-07,2023-02-07
name:journal of behavioral and experimental finance,Journal of Behavioral and Experimental Finance,Social Sciences,1,4,2019-05-09,2019-05-09
name:journal of behavioral education,Journal of Behavioral Education,Computer Science,1,4,2026-01-31,2026-01-31
name:journal of clinical child adolescent psychology,Journal of Clinical Child & Adolescent Psychology,Psychology,1,7,2022-05-26,2022-05-26
name:journal of clinical psychology,Journal of Clinical Psychology,Psychology,1,2,2026-07-03,2026-07-03
name:journal of cognitive engineering and decision making,Journal of Cognitive Engineering and Decision Making,Psychology,1,4,2022-06-03,2022-06-03
name:journal of cognitive enhancement,Journal of Cognitive Enhancement,Psychology,1,4,2018-02-23,2018-02-23
name:journal of cognitive psychology,Journal of Cognitive Psychology,Decision Sciences,1,2,2024-07-29,2024-07-29
name:journal of computational and graphical statistics,Journal of Computational and Graphical Statistics,Decision Sciences,1,4,2023-08-11,2024-04-22
name:journal of consulting and clinical psychology,Journal of Consulting and Clinical Psychology,Medicine,1,6,2019-07-18,2019-07-18
name:journal of cultural cognitive science,Journal of Cultural Cognitive Science,Psychology,1,8,2020-12-04,2021-01-10
name:journal of digital contents society,Journal of Digital Contents Society,Computer Science,1,3,2021-12-31,2021-12-31
name:journal of economic psychology,Journal of Economic Psychology,Social Sciences,1,3,2024-02-28,2024-02-28
name:journal of educational and management studies,Journal of Educational and Management Studies,Neuroscience,1,2,2022-03-25,2022-03-25
name:journal of educational psychology,Journal of Educational Psychology,Psychology,1,2,2018-01-25,2018-01-25
name:journal of emerging computer technologies,Journal of Emerging Computer Technologies,Engineering,1,2,2025-12-31,2025-12-31
name:journal of english for academic purposes,Journal of English for Academic Purposes,Psychology,1,2,2020-08-21,2020-08-21
name:journal of experimental phonetics,Journal of Experimental Phonetics,Psychology,1,1,2026-01-30,2026-01-30
name:journal of experimental psychology applied,Journal of Experimental Psychology Applied,Social Sciences,1,3,2022-07-26,2023-03-02
name:journal of experimental psychology human perception and performance,Journal of experimental psychology. Human perception and performance,,1,2,2026-02-16,2026-02-16
name:journal of experimental psychopathology,Journal of Experimental Psychopathology,Psychology,1,12,2023-04-17,2023-10-01
name:journal of gambling studies,Journal of Gambling Studies,Decision Sciences,1,5,2023-03-13,2023-06-03
name:journal of germanic linguistics,Journal of Germanic Linguistics,Arts and Humanities,1,2,2021-11-11,2021-11-11
name:journal of human environmental studies,Journal of Human Environmental Studies,Psychology,1,5,2025-01-01,2025-01-01
name:journal of intellectual disability research,Journal of Intellectual Disability Research,Social Sciences,1,3,2023-09-18,2023-09-18
name:journal of international crisis and risk communication research,Journal of International Crisis and Risk Communication Research,Psychology,1,1,2019-01-01,2019-01-01
name:journal of japan society for fuzzy theory and intelligent informatics,Journal of Japan Society for Fuzzy Theory and Intelligent Informatics,Social Sciences,1,1,2020-06-15,2020-06-15
name:journal of learning analytics,Journal of Learning Analytics,Computer Science,1,4,2018-08-05,2018-08-05
name:journal of marketing,Journal of Marketing,Social Sciences,1,3,2025-08-13,2025-08-13
name:journal of mathematical psychology,Journal of Mathematical Psychology,Decision Sciences,1,3,2025-02-07,2025-02-07
name:journal of medical imaging,Journal of Medical Imaging,Computer Science,1,7,2020-01-03,2020-01-03
name:journal of medical internet research,Journal of Medical Internet Research,Psychology,1,11,2021-07-27,2021-07-27
name:journal of multilingual and multicultural development,Journal of Multilingual and Multicultural Development,Social Sciences,1,2,2020-10-07,2020-10-07
name:journal of neurolinguistics,Journal of Neurolinguistics,Medicine,1,7,2022-02-24,2022-02-24
name:journal of neurophysiology,Journal of Neurophysiology,Psychology,1,3,2023-10-11,2023-10-11
name:journal of open research software,Journal of Open Research Software,"Biochemistry, Genetics and Molecular Biology",1,3,2017-09-21,2018-01-26
name:journal of pacific rim psychology,Journal of Pacific Rim Psychology,Computer Science,1,7,2023-01-01,2023-07-18
name:journal of pain research,Journal of Pain Research,Medicine,1,4,2024-07-01,2024-07-01
name:journal of parkinson s disease,Journal of Parkinson s Disease,Neuroscience,1,5,2025-05-04,2025-05-04
name:journal of personality,Journal of Personality,Social Sciences,1,2,2022-02-05,2022-02-05
name:journal of personality assessment,Journal of Personality Assessment,Psychology,1,3,2019-09-23,2019-09-23
name:journal of research in personality,Journal of Research in Personality,Psychology,1,3,2024-05-05,2025-04-25
name:journal of research on adolescence,Journal of Research on Adolescence,Psychology,1,5,2024-06-18,2024-06-18
name:journal of risk research,Journal of Risk Research,Psychology,1,2,2021-05-03,2021-05-03
name:journal of sleep research,Journal of Sleep Research,Psychology,1,4,2025-06-02,2025-06-02
name:journal of social and clinical psychology,Journal of Social and Clinical Psychology,Psychology,1,3,2022-02-01,2022-02-01
name:journal of the economic science association,Journal of the Economic Science Association,Psychology,1,2,2024-09-24,2024-09-24
name:journal of the european academy of dermatology and venereology,Journal of the European Academy of Dermatology and Venereology,Medicine,1,2,2023-03-23,2023-03-23
name:journal of undergraduate neuroscience education,Journal of Undergraduate Neuroscience Education,,1,9,2023-05-19,2023-05-19
name:journal of vestibular research,Journal of Vestibular Research,Neuroscience,1,4,2026-01-19,2026-01-19
name:journal of visualized experiments,Journal of Visualized Experiments,Psychology,1,4,2020-06-30,2020-06-30
name:justc,JUSTC,Neuroscience,1,3,2023-01-01,2023-01-01
name:knowledge uchicago university of chicago,Knowledge@UChicago (University of Chicago),Psychology,1,1,2021-03-01,2021-03-01
name:l année psychologique,L’Année psychologique,Social Sciences,1,4,2024-03-11,2024-03-11
name:language and information,Language and Information,Computer Science,1,3,2025-12-31,2025-12-31
name:language and linguistics compass,Language and Linguistics Compass,Arts and Humanities,1,2,2025-08-19,2025-08-19
name:language faculty and beyond,Language faculty and beyond,Arts and Humanities,1,2,2025-11-13,2025-11-13
name:language internet,Language Internet,Computer Science,1,4,2024-12-19,2024-12-19
name:language resources and evaluation,Language Resources and Evaluation,Computer Science,1,3,2022-11-28,2022-11-28
name:language teaching research,Language Teaching Research,Psychology,1,1,2021-10-11,2021-10-11
name:law and human behavior,Law and Human Behavior,Neuroscience,1,2,2018-07-31,2019-05-23
name:learning and individual differences,Learning and Individual Differences,Computer Science,1,7,2025-07-17,2025-07-17
name:learning and motivation,Learning and Motivation,Decision Sciences,1,2,2022-01-20,2022-01-20
name:learning behavior,Learning & Behavior,Neuroscience,1,3,2025-07-15,2025-07-15
name:lecture notes in networks and systems,Lecture notes in networks and systems,Computer Science,1,3,2025-10-15,2025-10-15
name:letters on evolutionary behavioral science,Letters on Evolutionary Behavioral Science,Neuroscience,1,3,2023-05-19,2023-05-19
name:linguistic inquiry,Linguistic Inquiry,Computer Science,1,2,2020-08-03,2020-09-02
name:lund university publications student papers lund university,Lund University Publications Student Papers (Lund University),Medicine,1,1,2021-01-01,2021-01-01
name:madoc university of mannheim,MADOC (University of Mannheim),Psychology,1,1,2018-01-01,2018-01-01
name:mathematics and visualization,Mathematics and visualization,Computer Science,1,4,2017-01-01,2017-01-01
name:medeniyet medical journal,Medeniyet Medical Journal,Neuroscience,1,2,2023-12-18,2023-12-18
name:media https www suub uni bremen de,Media (https://www.suub.uni-bremen.de/),Psychology,1,1,2026-03-30,2026-03-30
name:medical physics,Medical Physics,Computer Science,1,5,2025-03-30,2025-03-30
name:meta psychology,Meta-Psychology,Neuroscience,1,1,2019-11-12,2019-11-12
name:metacognition and learning,Metacognition and Learning,Neuroscience,1,9,2026-01-16,2026-01-16
name:motivation and emotion,Motivation and Emotion,Neuroscience,1,2,2024-04-09,2024-04-09
name:nature reviews psychology,Nature Reviews Psychology,Psychology,1,4,2023-07-17,2023-07-17
name:neurobiology of aging,Neurobiology of Aging,Neuroscience,1,8,2023-09-20,2023-09-20
name:neuron,Neuron,Neuroscience,1,3,2020-10-08,2021-07-14
name:neuropsychology,Neuropsychology,Psychology,1,5,2023-10-23,2023-10-23
name:new media society,New Media & Society,Social Sciences,1,7,2021-12-07,2021-12-07
name:noise con proceedings,NOISE-CON proceedings,Engineering,1,5,2024-10-04,2024-10-04
name:npj vaccines,npj Vaccines,Social Sciences,1,3,2024-09-13,2024-09-13
name:npp digital psychiatry and neuroscience,NPP—Digital Psychiatry and Neuroscience,Medicine,1,12,2025-01-03,2025-01-03
name:nutrients,Nutrients,Psychology,1,5,2024-07-09,2024-07-09
name:ohiolink etd center ohio library and information network,OhioLink ETD Center (Ohio Library and Information Network),Decision Sciences,1,1,2016-01-01,2016-01-01
name:omega journal of death and dying,OMEGA - Journal of Death and Dying,Psychology,1,1,2021-12-07,2021-12-07
name:open mind discoveries in cognitive science,Open mind : discoveries in cognitive science,,1,2,2026-06-02,2026-06-02
name:open psychology,Open Psychology,Neuroscience,1,6,2021-01-01,2021-01-01
name:open repository and bibliography university of liège,Open Repository and Bibliography (University of Liège),Neuroscience,1,1,2026-01-23,2026-01-23
name:ophthalmic and physiological optics,Ophthalmic and Physiological Optics,Medicine,1,8,2024-02-20,2024-09-11
name:orca online research cardiff cardiff university,ORCA Online Research @Cardiff (Cardiff University),Decision Sciences,1,1,2021-09-10,2021-09-10
name:organizational psychology review,Organizational Psychology Review,Social Sciences,1,4,2022-05-09,2022-05-09
name:pain,Pain,Medicine,1,3,2016-05-27,2016-05-27
name:parkinsonism related disorders,Parkinsonism & Related Disorders,Neuroscience,1,4,2024-11-08,2024-11-08
name:personal and ubiquitous computing,Personal and Ubiquitous Computing,Computer Science,1,2,2020-04-19,2020-04-19
name:perspectives on psychological science,Perspectives on Psychological Science,Computer Science,1,2,2022-11-26,2024-04-22
name:physiology behavior,Physiology & Behavior,Neuroscience,1,6,2022-03-31,2022-03-31
name:political communication,Political Communication,Social Sciences,1,2,2023-12-20,2023-12-20
name:possibility studies society,Possibility Studies & Society,Neuroscience,1,2,2024-02-29,2024-02-29
name:pragmatics quarterly publication of the international pragmatics association ipra,Pragmatics Quarterly Publication of the International Pragmatics Association (IPrA),Arts and Humanities,1,1,2025-08-01,2025-08-01
name:proceedings from semantics and linguistic theory,Proceedings from Semantics and Linguistic Theory,Social Sciences,1,2,2025-02-12,2025-02-12
name:proceedings of the 60th annual meeting of the association for computational linguistics volume 1 long papers,Proceedings of the 60th Annual Meeting of the Association for Computational Linguistics (Volume 1: Long Papers),Computer Science,1,4,2022-01-01,2022-01-01
name:proceedings of the amsterdam colloquium,Proceedings of the Amsterdam Colloquium,Social Sciences,1,3,2022-12-01,2022-12-01
name:proceedings of the annual hawaii international conference on system sciences proceedings of the annual hawaii international conference on system sciences,Proceedings of the ... Annual Hawaii International Conference on System Sciences/Proceedings of the Annual Hawaii International Conference on System Sciences,Social Sciences,1,2,2022-01-01,2022-01-01
name:proceedings of the royal society b biological sciences,Proceedings of the Royal Society B Biological Sciences,Neuroscience,1,3,2023-10-02,2024-07-01
name:psych journal,PsyCh Journal,Neuroscience,1,7,2023-07-16,2023-07-16
name:psychiatry and clinical neurosciences,Psychiatry and clinical neurosciences,,1,4,2026-03-05,2026-03-05
name:psychologica belgica,Psychologica Belgica,Psychology,1,6,2019-08-20,2019-08-20
name:psychological assessment,Psychological assessment,,1,6,2025-12-04,2025-12-04
name:psychological methods,Psychological Methods,Computer Science,1,3,2022-04-19,2023-07-27
name:psychological reports,Psychological Reports,Neuroscience,1,6,2025-09-15,2025-09-15
name:psychological science and education,Psychological Science and Education,Computer Science,1,3,2024-12-28,2024-12-28
name:psychology and marketing,Psychology and Marketing,"Business, Management and Accounting",1,4,2022-12-19,2022-12-19
name:psychology of aesthetics creativity and the arts,Psychology of Aesthetics Creativity and the Arts,Computer Science,1,3,2021-05-14,2023-12-14
name:psychology of sport and exercise,Psychology of sport and exercise,Psychology,1,6,2022-05-30,2022-05-30
name:psychophysiology,Psychophysiology,Psychology,1,13,2025-03-11,2025-12-01
name:psychosomatic medicine,Psychosomatic Medicine,Neuroscience,1,2,2017-10-10,2017-10-10
name:publication of the american dialect society,Publication of the American Dialect Society,Social Sciences,1,1,2024-07-10,2024-07-10
name:pucrs repository pontifical catholic university of rio grande do sul,PUCRS Repository (Pontifical Catholic University of Rio Grande do Sul),Social Sciences,1,4,2022-01-01,2022-01-01
name:qeios,Qeios,Decision Sciences,1,1,2026-06-15,2026-06-15
name:quaderni di linguistica e studi orientali,Quaderni di Linguistica e Studi Orientali,Computer Science,1,3,2023-09-30,2023-09-30
name:quality and user experience,Quality and User Experience,Computer Science,1,4,2023-06-30,2023-06-30
name:quarterly journal of experimental psychology 2006,Quarterly journal of experimental psychology (2006),,1,3,2025-01-13,2025-01-13
name:refubium universitätsbibliothek der freien universität berlin,Refubium (Universitätsbibliothek der Freien Universität Berlin),Decision Sciences,1,6,2025-01-01,2025-01-01
name:repec research papers in economics,RePEc: Research Papers in Economics,"Biochemistry, Genetics and Molecular Biology",1,35,2020-04-11,2020-04-11
name:repositori digital de la upf universitat pompeu fabra,Repositori digital de la UPF (Universitat Pompeu Fabra),Arts and Humanities,1,1,2025-01-01,2025-01-01
name:research in developmental disabilities,Research in Developmental Disabilities,Neuroscience,1,4,2019-01-29,2019-01-29
name:research repository delft university of technology,Research Repository (Delft University of Technology),Psychology,1,1,2018-01-01,2018-01-01
name:review of philosophy and psychology,Review of Philosophy and Psychology,Decision Sciences,1,2,2020-07-31,2021-06-03
name:revista de estudos da linguagem,Revista de Estudos da Linguagem,Psychology,1,1,2017-06-13,2017-06-13
name:revista de tecnologías computacionales,Revista de Tecnologías Computacionales,"Business, Management and Accounting",1,3,2024-12-30,2024-12-30
name:revista docentes 2 0,Revista Docentes 2 0,Social Sciences,1,1,2022-08-29,2022-08-29
name:revista linguagem em foco,Revista Linguagem em Foco,Psychology,1,3,2022-03-11,2022-03-11
name:revista neuropsicologia latinoamericana,Revista Neuropsicologia Latinoamericana,Social Sciences,1,3,2021-04-30,2021-04-30
name:risk analysis,Risk Analysis,Social Sciences,1,4,2023-05-03,2023-05-03
name:safety,Safety,Psychology,1,2,2025-06-18,2025-06-18
name:sage open,SAGE Open,Computer Science,1,1,2017-01-01,2017-01-01
name:scandinavian journal of psychology,Scandinavian journal of psychology,,1,12,2025-03-07,2025-03-07
name:schizophrenia,Schizophrenia,Neuroscience,1,3,2025-03-08,2025-07-19
name:schizophrenia bulletin,Schizophrenia Bulletin,Medicine,1,5,2025-09-01,2026-03-19
name:schizophrenia research,Schizophrenia Research,Neuroscience,1,3,2024-05-03,2024-05-03
name:scholarship western western university,Scholarship@Western (Western University),Computer Science,1,1,2021-01-01,2021-01-01
name:scholarworks walden university,ScholarWorks (Walden University),Psychology,1,1,2016-01-01,2016-01-01
name:scholarworks wmu western michigan university,ScholarWorks - WMU (Western Michigan University),Computer Science,1,1,2017-01-01,2017-01-01
name:scientometrics,Scientometrics,Computer Science,1,4,2018-02-01,2018-02-01
name:second language research,Second language Research,Psychology,1,4,2026-06-15,2026-06-15
name:self and identity,Self and Identity,Psychology,1,2,2017-07-25,2017-07-25
name:sensors basel switzerland,"Sensors (Basel, Switzerland)",,1,6,2021-10-28,2021-10-28
name:sign language linguistics,Sign Language & Linguistics,Psychology,1,1,2023-05-16,2023-05-16
name:social and personality psychology compass,Social and Personality Psychology Compass,Neuroscience,1,3,2016-04-01,2016-04-01
name:social networking,Social Networking,Social Sciences,1,4,2023-01-01,2023-01-01
name:social psychology,Social Psychology,"Business, Management and Accounting",1,2,2025-07-01,2025-07-01
name:speech language and hearing,Speech Language and Hearing,Health Professions,1,2,2023-07-30,2024-07-07
name:speech prosody 2022,Speech Prosody 2022,Psychology,1,5,2022-05-18,2022-05-18
name:stress,Stress,Neuroscience,1,6,2017-10-12,2017-10-12
name:summit simon fraser university,Summit (Simon Fraser University),Engineering,1,1,2016-12-13,2016-12-13
name:symmetry,Symmetry,Neuroscience,1,4,2024-11-06,2024-11-06
name:teaching of psychology,Teaching of Psychology,Psychology,1,1,2016-11-15,2016-11-15
name:technology in society,Technology in society,,1,4,2026-03-18,2026-03-18
name:tesis doctorals en xarxa consorci de serveis universitaris de catalunya,Tesis Doctorals en Xarxa (Consorci de Serveis Universitaris de Catalunya),Decision Sciences,1,1,2017-01-17,2017-01-17
name:the astronomical journal,The Astronomical Journal,Computer Science,1,3,2024-02-15,2024-03-13
name:the baltic international yearbook of cognition logic and communication,The Baltic International Yearbook of Cognition Logic and Communication,Psychology,1,3,2019-12-19,2019-12-19
name:the canadian journal of linguistics la revue canadienne de linguistique,The Canadian Journal of Linguistics / La revue canadienne de linguistique,Psychology,1,2,2024-03-01,2024-03-01
name:the clinical neuropsychologist,The Clinical Neuropsychologist,Neuroscience,1,3,2019-01-06,2019-01-06
name:the encyclopedia of applied linguistics,The Encyclopedia of Applied Linguistics,,1,2,2025-12-02,2025-12-02
name:the international journal of translation and interpreting research,The International Journal of Translation and Interpreting Research,Arts and Humanities,1,2,2022-07-29,2022-07-29
name:the journal of creative behavior,The Journal of Creative Behavior,Psychology,1,2,2017-06-02,2017-06-02
name:the journal of machine learning for biomedical imaging,The Journal of Machine Learning for Biomedical Imaging,Computer Science,1,20,2021-03-10,2023-05-03
name:the knowledge bank the ohio state university,The Knowledge Bank (The Ohio State University),Neuroscience,1,1,2018-03-01,2018-03-01
name:the korean data analysis society,The Korean Data Analysis Society,Computer Science,1,1,2019-08-31,2019-08-31
name:the linguistic review,The Linguistic Review,Neuroscience,1,2,2021-11-26,2021-11-26
name:the psychological record,The Psychological Record,Decision Sciences,1,4,2024-11-20,2024-11-20
name:thinking skills and creativity,Thinking Skills and Creativity,Neuroscience,1,3,2024-08-09,2024-08-09
name:translational issues in psychological science,Translational Issues in Psychological Science,Psychology,1,5,2022-09-30,2023-06-08
name:trends in cognitive sciences,Trends in Cognitive Sciences,"Business, Management and Accounting",1,3,2017-01-01,2017-08-10
name:trends in hearing,Trends in Hearing,Neuroscience,1,8,2023-01-01,2023-01-01
name:trends in neuroscience and education,Trends in Neuroscience and Education,Decision Sciences,1,1,2026-01-09,2026-01-09
name:trials,Trials,Medicine,1,12,2019-01-22,2019-04-02
name:türkiye sağlık enstitüleri başkanlığı dergisi,Türkiye Sağlık Enstitüleri Başkanlığı Dergisi,Computer Science,1,3,2023-04-22,2023-04-22
name:uf journal of undergraduate research,UF Journal of Undergraduate Research,Veterinary,1,5,2022-12-01,2022-12-01
name:uknowledge university of kentucky,UKnowledge (University of Kentucky),Psychology,1,1,2019-01-01,2019-01-01
name:user modeling and user adapted interaction,User Modeling and User-Adapted Interaction,Computer Science,1,4,2023-09-19,2023-09-19
name:uvic s research and learning repository university of victoria,UVic’s Research and Learning Repository (University of Victoria),Computer Science,1,1,2018-01-01,2018-01-01
name:world psychiatry,World Psychiatry,Psychology,1,3,2020-05-11,2020-05-11
name:مجلة البحث في التربية وعلم النفس,مجلة البحث في التربية وعلم النفس,Social Sciences,1,1,2023-04-01,2023-04-01
name:مجلة بحوث و دراسات نفسية,مجلة بحوث و دراسات نفسية,Psychology,1,1,2022-10-01,2022-10-01
